{
  "id": "*UNKNOWN*",
  "source": "*UNKNOWN*",
  "word_count": 6582,
  "processed_lang": "en",
  "tree": {
    "id": "r",
    "name": "root",
    "children": [
      {
        "id": "personality",
        "name": "Big 5",
        "children": [
          {
            "id": "Openness_parent",
            "name": "Openness",
            "category": "personality",
            "percentage": 0.9805667785359738,
            "children": [
              {
                "id": "Openness",
                "name": "Openness",
                "category": "personality",
                "percentage": 0.9805667785359738,
                "sampling_error": 0.05055925272,
                "children": [
                  {
                    "id": "Adventurousness",
                    "name": "Adventurousness",
                    "category": "personality",
                    "percentage": 0.950428146311326,
                    "sampling_error": 0.0446642816
                  },
                  {
                    "id": "Artistic interests",
                    "name": "Artistic interests",
                    "category": "personality",
                    "percentage": 0.8849147656630096,
                    "sampling_error": 0.09146252496
                  },
                  {
                    "id": "Emotionality",
                    "name": "Emotionality",
                    "category": "personality",
                    "percentage": 0.17046533752727244,
                    "sampling_error": 0.04151224904
                  },
                  {
                    "id": "Imagination",
                    "name": "Imagination",
                    "category": "personality",
                    "percentage": 0.20111675093062387,
                    "sampling_error": 0.05539459304
                  },
                  {
                    "id": "Intellect",
                    "name": "Intellect",
                    "category": "personality",
                    "percentage": 0.9823942785877824,
                    "sampling_error": 0.04812533736
                  },
                  {
                    "id": "Liberalism",
                    "name": "Authority-challenging",
                    "category": "personality",
                    "percentage": 0.9648675417313879,
                    "sampling_error": 0.07417368224
                  }
                ]
              },
              {
                "id": "Conscientiousness",
                "name": "Conscientiousness",
                "category": "personality",
                "percentage": 0.8936538116484918,
                "sampling_error": 0.06413948688,
                "children": [
                  {
                    "id": "Achievement striving",
                    "name": "Achievement striving",
                    "category": "personality",
                    "percentage": 0.9216597978352439,
                    "sampling_error": 0.08711601256
                  },
                  {
                    "id": "Cautiousness",
                    "name": "Cautiousness",
                    "category": "personality",
                    "percentage": 0.9589003591814163,
                    "sampling_error": 0.08097586712
                  },
                  {
                    "id": "Dutifulness",
                    "name": "Dutifulness",
                    "category": "personality",
                    "percentage": 0.7565446465573455,
                    "sampling_error": 0.05347717848
                  },
                  {
                    "id": "Orderliness",
                    "name": "Orderliness",
                    "category": "personality",
                    "percentage": 0.48132376796768517,
                    "sampling_error": 0.06152930288
                  },
                  {
                    "id": "Self-discipline",
                    "name": "Self-discipline",
                    "category": "personality",
                    "percentage": 0.8215063478296609,
                    "sampling_error": 0.04176505304
                  },
                  {
                    "id": "Self-efficacy",
                    "name": "Self-efficacy",
                    "category": "personality",
                    "percentage": 0.908624607288198,
                    "sampling_error": 0.080106246
                  }
                ]
              },
              {
                "id": "Extraversion",
                "name": "Extraversion",
                "category": "personality",
                "percentage": 0.3362575928970771,
                "sampling_error": 0.0484772776,
                "children": [
                  {
                    "id": "Activity level",
                    "name": "Activity level",
                    "category": "personality",
                    "percentage": 0.9789796271350255,
                    "sampling_error": 0.06734960408
                  },
                  {
                    "id": "Assertiveness",
                    "name": "Assertiveness",
                    "category": "personality",
                    "percentage": 0.9825306758805727,
                    "sampling_error": 0.07159494336
                  },
                  {
                    "id": "Cheerfulness",
                    "name": "Cheerfulness",
                    "category": "personality",
                    "percentage": 0.19465786707554655,
                    "sampling_error": 0.08989876216
                  },
                  {
                    "id": "Excitement-seeking",
                    "name": "Excitement-seeking",
                    "category": "personality",
                    "percentage": 0.21503977702456123,
                    "sampling_error": 0.07371680448000001
                  },
                  {
                    "id": "Friendliness",
                    "name": "Outgoing",
                    "category": "personality",
                    "percentage": 0.6005946078251523,
                    "sampling_error": 0.06625280248
                  },
                  {
                    "id": "Gregariousness",
                    "name": "Gregariousness",
                    "category": "personality",
                    "percentage": 0.24206546142537544,
                    "sampling_error": 0.051361828320000004
                  }
                ]
              },
              {
                "id": "Agreeableness",
                "name": "Agreeableness",
                "category": "personality",
                "percentage": 0.0533865832349148,
                "sampling_error": 0.08605852776,
                "children": [
                  {
                    "id": "Altruism",
                    "name": "Altruism",
                    "category": "personality",
                    "percentage": 0.8722252950552395,
                    "sampling_error": 0.0616772748
                  },
                  {
                    "id": "Cooperation",
                    "name": "Cooperation",
                    "category": "personality",
                    "percentage": 0.7599846803277625,
                    "sampling_error": 0.07160543208
                  },
                  {
                    "id": "Modesty",
                    "name": "Modesty",
                    "category": "personality",
                    "percentage": 0.34947264959955104,
                    "sampling_error": 0.0473912608
                  },
                  {
                    "id": "Morality",
                    "name": "Uncompromising",
                    "category": "personality",
                    "percentage": 0.6480217001263691,
                    "sampling_error": 0.05506624192
                  },
                  {
                    "id": "Sympathy",
                    "name": "Sympathy",
                    "category": "personality",
                    "percentage": 0.9812271982935261,
                    "sampling_error": 0.0855425504
                  },
                  {
                    "id": "Trust",
                    "name": "Trust",
                    "category": "personality",
                    "percentage": 0.9240876717984589,
                    "sampling_error": 0.0480956124
                  }
                ]
              },
              {
                "id": "Neuroticism",
                "name": "Emotional range",
                "category": "personality",
                "percentage": 0.9212642329050765,
                "sampling_error": 0.07824502704,
                "children": [
                  {
                    "id": "Anger",
                    "name": "Fiery",
                    "category": "personality",
                    "percentage": 0.016657350192117615,
                    "sampling_error": 0.082303344
                  },
                  {
                    "id": "Anxiety",
                    "name": "Prone to worry",
                    "category": "personality",
                    "percentage": 0.049689060282152586,
                    "sampling_error": 0.047158873680000005
                  },
                  {
                    "id": "Depression",
                    "name": "Melancholy",
                    "category": "personality",
                    "percentage": 0.2725502659709549,
                    "sampling_error": 0.049190098960000005
                  },
                  {
                    "id": "Immoderation",
                    "name": "Immoderation",
                    "category": "personality",
                    "percentage": 0.006015482455870191,
                    "sampling_error": 0.04641930216
                  },
                  {
                    "id": "Self-consciousness",
                    "name": "Self-consciousness",
                    "category": "personality",
                    "percentage": 0.1257492389288613,
                    "sampling_error": 0.04831067336
                  },
                  {
                    "id": "Vulnerability",
                    "name": "Susceptible to stress",
                    "category": "personality",
                    "percentage": 0.057796181331887075,
                    "sampling_error": 0.07381514336
                  }
                ]
              }
            ]
          }
        ]
      },
      {
        "id": "needs",
        "name": "Needs",
        "children": [
          {
            "id": "Ideal_parent",
            "name": "Ideal",
            "category": "needs",
            "percentage": 0.008168529100234745,
            "children": [
              {
                "id": "Challenge",
                "name": "Challenge",
                "category": "needs",
                "percentage": 0.009295974292889309,
                "sampling_error": 0.07250047111999999
              },
              {
                "id": "Closeness",
                "name": "Closeness",
                "category": "needs",
                "percentage": 0.16009921929894821,
                "sampling_error": 0.07185326736
              },
              {
                "id": "Curiosity",
                "name": "Curiosity",
                "category": "needs",
                "percentage": 0.6536846492707111,
                "sampling_error": 0.10148057399999999
              },
              {
                "id": "Excitement",
                "name": "Excitement",
                "category": "needs",
                "percentage": 0.09364803322659232,
                "sampling_error": 0.09141073559999999
              },
              {
                "id": "Harmony",
                "name": "Harmony",
                "category": "needs",
                "percentage": 0.0576922917475059,
                "sampling_error": 0.09109986024
              },
              {
                "id": "Ideal",
                "name": "Ideal",
                "category": "needs",
                "percentage": 0.008168529100234745,
                "sampling_error": 0.08273161456
              },
              {
                "id": "Liberty",
                "name": "Liberty",
                "category": "needs",
                "percentage": 0.06366682309101934,
                "sampling_error": 0.12363695304
              },
              {
                "id": "Love",
                "name": "Love",
                "category": "needs",
                "percentage": 0.028469441069982115,
                "sampling_error": 0.08342424904
              },
              {
                "id": "Practicality",
                "name": "Practicality",
                "category": "needs",
                "percentage": 0.050598475805181176,
                "sampling_error": 0.07383623287999999
              },
              {
                "id": "Self-expression",
                "name": "Self-expression",
                "category": "needs",
                "percentage": 0.040949707563547155,
                "sampling_error": 0.07089691736
              },
              {
                "id": "Stability",
                "name": "Stability",
                "category": "needs",
                "percentage": 0.3829004285272741,
                "sampling_error": 0.09041000471999999
              },
              {
                "id": "Structure",
                "name": "Structure",
                "category": "needs",
                "percentage": 0.8207207759334644,
                "sampling_error": 0.06856271552
              }
            ]
          }
        ]
      },
      {
        "id": "values",
        "name": "Values",
        "children": [
          {
            "id": "Hedonism_parent",
            "name": "Hedonism",
            "category": "values",
            "percentage": 0.0029501441024047392,
            "children": [
              {
                "id": "Conservation",
                "name": "Conservation",
                "category": "values",
                "percentage": 0.16063478087796923,
                "sampling_error": 0.0626580212
              },
              {
                "id": "Openness to change",
                "name": "Openness to change",
                "category": "values",
                "percentage": 0.5883913392447956,
                "sampling_error": 0.056673731920000005
              },
              {
                "id": "Hedonism",
                "name": "Hedonism",
                "category": "values",
                "percentage": 0.0029501441024047392,
                "sampling_error": 0.11365988424
              },
              {
                "id": "Self-enhancement",
                "name": "Self-enhancement",
                "category": "values",
                "percentage": 0.01213256688793024,
                "sampling_error": 0.08692075272000001
              },
              {
                "id": "Self-transcendence",
                "name": "Self-transcendence",
                "category": "values",
                "percentage": 0.10538088756987435,
                "sampling_error": 0.0655695888
              }
            ]
          }
        ]
      }
    ]
  },
  "warnings": []
}